{
  "preset_1": {
    "focus": 0.8750653266906738,
    "iris": 0.21739129722118378,
    "gain": 18,
    "shutter": 50,
    "zoom": 0.0
  },
  "preset_2": {
    "focus": 0.3021432161331177,
    "iris": 0.21739129722118378,
    "gain": 18,
    "shutter": 50,
    "zoom": 0.0
  },
  "preset_3": {
    "focus": 0.841087281703949,
    "iris": 0.0,
    "gain": 12,
    "shutter": 50,
    "zoom": 0.0
  }
}